{"MSE": 2.4501754878246236, "_timestamp": 1685784870.9468663, "_runtime": 13.579118251800537, "_step": 0, "_wandb": {"runtime": 13}}