{"MSE": 2.453983836538874, "_timestamp": 1685720054.2464657, "_runtime": 13.885701656341553, "_step": 0, "_wandb": {"runtime": 13}}