{"MSE": 2.4465939961142813, "_timestamp": 1685784898.1450565, "_runtime": 14.979034423828125, "_step": 0, "_wandb": {"runtime": 14}}