{"MSE": 2.4619620609266906, "_timestamp": 1685784823.91888, "_runtime": 8.785053968429565, "_step": 0, "_wandb": {"runtime": 8}}