{"MSE": 2.4858152934715196, "_timestamp": 1685784804.0166242, "_runtime": 4.677664279937744, "_step": 0, "_wandb": {"runtime": 4}}