{"MSE": 2.4520775161671464, "_timestamp": 1685784846.5190852, "_runtime": 10.286413192749023, "_step": 0, "_wandb": {"runtime": 10}}